tick,population,mean_s,mean_cv,resource
50,15,0.0000,1.0000,95.20
100,15,0.0000,1.0000,91.66
150,15,0.0000,1.0000,88.82
200,15,0.0000,1.0000,86.56
250,15,0.0000,1.0000,84.75
300,15,0.0000,1.0000,83.31
350,15,0.0000,1.0000,82.16
400,15,0.0000,1.0000,81.24
450,15,0.0000,1.0000,80.50
500,15,0.0000,1.0000,79.92
550,15,0.0000,1.0000,79.45
600,15,0.0000,1.0000,79.07
650,15,0.0000,1.0000,78.77
700,18,0.0000,1.0000,77.49
750,26,0.0000,1.0000,71.11
800,29,0.0000,1.0000,61.60
850,30,0.0000,1.0000,53.61
900,30,0.0000,1.0000,48.21
950,30,0.0000,1.0000,44.77
1000,30,0.0000,1.0000,42.57
1050,30,0.0000,1.0000,41.17
1100,30,0.0000,1.0000,40.28
1150,30,0.0000,1.0000,39.71
1200,30,0.0000,1.0000,39.35
1250,26,0.0000,1.0000,39.51
1300,19,0.0000,1.0000,43.04
1350,16,0.0000,1.0000,48.62
1400,15,0.0000,1.0000,54.27
1450,15,0.0000,1.0000,58.97
1500,15,0.0000,1.0000,62.73
1550,15,0.0000,1.0000,65.72
1600,15,0.0000,1.0000,68.11
1650,15,0.0000,1.0000,70.02
1700,15,0.0000,1.0000,71.55
1750,15,0.0000,1.0000,72.77
1800,16,0.0000,1.0000,73.72
1850,19,0.0000,1.0000,72.89
1900,22,0.0000,1.0000,67.93
1950,28,0.0000,1.0000,61.01
2000,29,0.0000,1.0000,53.69
2050,29,0.0000,1.0000,48.88
2100,30,0.0000,1.0000,45.22
2150,30,0.0000,1.0000,42.86
2200,30,0.0000,1.0000,41.36
2250,30,0.0000,1.0000,40.40
2300,22,0.0000,1.0000,42.24
2350,16,0.0000,1.0000,47.49
2400,13,0.0000,1.0000,53.41
2450,13,0.0000,1.0000,59.82
2500,13,0.0000,1.0000,65.08
2550,13,0.0000,1.0000,69.42
2600,13,0.0000,1.0000,72.99
2650,13,0.0000,1.0000,75.92
2700,13,0.0000,1.0000,78.34
2750,13,0.0000,1.0000,80.33
2800,13,0.0000,1.0000,81.96
2850,13,0.0000,1.0000,83.31
2900,15,0.0000,1.0000,83.71
2950,20,0.0000,1.0000,79.52
3000,23,0.0000,1.0000,72.09
3050,26,0.0000,1.0000,64.61
3100,26,0.0000,1.0000,58.18
3150,26,0.0000,1.0000,53.82
3200,26,0.0000,1.0000,50.87
3250,26,0.0000,1.0000,48.88
3300,26,0.0000,1.0000,47.52
3350,26,0.0000,1.0000,46.61
3400,26,0.0000,1.0000,45.99
3450,26,0.0000,1.0000,45.57
3500,26,0.0000,1.0000,45.29
3550,26,0.0000,1.0000,45.09
3600,25,0.0000,1.0000,45.11
3650,22,0.0000,1.0000,47.06
3700,19,0.0000,1.0000,49.79
3750,16,0.0000,1.0000,53.29
3800,16,0.0000,1.0000,57.44
3850,16,0.0000,1.0000,60.70
3900,17,0.0000,1.0000,63.27
3950,17,0.0000,1.0000,64.43
4000,17,0.0000,1.0000,65.34
4050,18,0.0000,0.0461,65.88
4100,23,0.0000,0.0362,62.48
4150,27,0.0000,0.0448,57.33
4200,29,0.0000,0.0445,51.83
4250,31,0.0000,0.0472,47.19
4300,32,0.0000,0.0490,43.05
4350,27,0.0000,0.0490,41.09
4400,9,0.0000,0.0529,46.55
4450,6,0.0000,0.0456,58.59
4500,6,0.0000,0.0456,70.26
4550,6,0.0000,0.0456,80.94
4600,6,0.0000,0.0456,90.69
4650,6,0.0000,0.0456,99.60
4700,6,0.0000,0.0456,99.82
4750,6,0.0000,0.0456,99.82
4800,6,0.0000,0.0456,99.82
4850,6,0.0000,0.0456,99.82
4900,6,0.0000,0.0456,99.82
4950,8,0.0000,0.0664,99.76
5000,11,0.0000,0.0965,99.67
5050,12,0.0000,0.1129,99.58
5100,12,0.0000,0.1129,99.16
5150,12,0.0000,0.1129,98.81
5200,12,0.0000,0.1129,98.52
5250,12,0.0000,0.1129,98.27
5300,12,0.0000,0.1129,98.07
5350,12,0.0000,0.1129,97.90
5400,12,0.0000,0.1129,97.76
5450,12,0.0000,0.1129,97.64
5500,12,0.0000,0.1129,97.54
5550,12,0.0000,0.1129,97.45
5600,14,0.0000,0.1435,96.14
5650,18,0.0000,0.1754,90.61
5700,23,0.0000,0.1897,82.01
5750,24,0.0000,0.2005,72.00
5800,24,0.0000,0.2005,64.87
5850,24,0.0000,0.2005,59.90
5900,24,0.0000,0.2005,56.43
5950,24,0.0000,0.2005,54.01
6000,24,0.0000,0.2005,52.32
6050,24,0.0000,0.2005,51.15
6100,24,0.0000,0.2005,50.32
6150,24,0.0000,0.2005,49.75
6200,24,0.0000,0.2005,49.35
6250,24,0.0000,0.2005,49.07
6300,24,0.0000,0.2005,48.88
6350,24,0.0000,0.2005,48.74
6400,24,0.0000,0.2005,48.65
6450,24,0.0000,0.2005,48.58
6500,24,0.0000,0.2005,48.54
6550,24,0.0000,0.2005,48.50
6600,26,0.0000,0.2005,48.00
6650,26,0.0000,0.2005,46.93
6700,26,0.0000,0.2005,46.21
6750,26,0.0000,0.2005,45.35
6800,30,0.0000,0.1971,44.23
6850,28,0.0000,0.1960,43.24
6900,29,0.0000,0.1956,42.83
6950,24,0.0000,0.1956,43.32
7000,20,0.0000,0.1956,45.80
7050,13,0.0000,0.1945,51.52
7100,13,0.0000,0.1945,58.26
7150,13,0.0000,0.1945,63.81
7200,13,0.0000,0.1945,68.37
7250,13,0.0000,0.1945,72.12
7300,13,0.0000,0.1945,75.21
7350,13,0.0000,0.1945,77.75
7400,13,0.0000,0.1945,79.84
7450,13,0.0000,0.1945,81.56
7500,13,0.0000,0.1945,82.98
7550,13,0.0000,0.1945,84.15
7600,13,0.0000,0.1945,85.10
7650,13,0.0000,0.1945,85.89
7700,13,0.0000,0.1945,86.54
7750,16,0.0000,0.1911,85.32
7800,19,0.0000,0.1877,81.06
7850,23,0.0000,0.1820,74.39
7900,25,0.0000,0.1820,66.13
7950,26,0.0000,0.1820,59.43
8000,26,0.0000,0.1820,54.67
8050,26,0.0000,0.1820,51.45
8100,26,0.0000,0.1820,49.27
8150,26,0.0000,0.1820,47.79
8200,26,0.0000,0.1820,46.79
8250,26,0.0000,0.1820,46.11
8300,26,0.0000,0.1820,45.65
8350,26,0.0000,0.1820,45.34
8400,26,0.0000,0.1820,45.13
8450,26,0.0000,0.1820,44.99
8500,26,0.0000,0.1820,44.89
8550,25,0.0000,0.1820,44.98
8600,23,0.0000,0.1820,46.03
8650,20,0.0000,0.1820,48.62
8700,19,0.0000,0.1820,51.62
8750,19,0.0000,0.1820,53.58
8800,19,0.0000,0.1820,55.47
8850,18,0.0000,0.1820,57.10
8900,20,0.0000,0.1802,58.57
8950,22,0.0000,0.1802,57.86
9000,26,0.0000,0.1580,54.35
9050,28,0.0000,0.1528,50.11
9100,27,0.0000,0.1528,47.28
9150,23,0.0000,0.1550,46.67
9200,24,0.0000,0.1572,47.50
9250,18,0.0000,0.1549,49.01
9300,10,0.0000,0.1558,56.37
9350,10,0.0000,0.1558,64.75
9400,10,0.0000,0.1558,71.95
9450,10,0.0000,0.1558,78.16
9500,10,0.0000,0.1558,83.49
9550,10,0.0000,0.1558,88.09
9600,10,0.0000,0.1558,92.04
9650,10,0.0000,0.1558,95.45
9700,10,0.0000,0.1558,98.38
9750,10,0.0000,0.1558,99.70
9800,10,0.0000,0.1558,99.70
9850,14,0.0000,0.1553,98.68
9900,16,0.0000,0.1640,94.90
9950,18,0.0000,0.1640,88.21
10000,20,0.0000,0.1676,81.22
10050,20,0.0000,0.1676,75.24
10100,20,0.0000,0.1676,70.81
10150,20,0.0000,0.1676,67.53
10200,20,0.0000,0.1676,65.10
10250,20,0.0000,0.1676,63.30
10300,20,0.0000,0.1676,61.96
10350,20,0.0000,0.1676,60.97
10400,20,0.0000,0.1676,60.24
10450,20,0.0000,0.1676,59.70
10500,20,0.0000,0.1676,59.30
10550,21,0.0000,0.1676,58.83
10600,21,0.0000,0.1676,57.89
10650,21,0.0000,0.1676,57.21
10700,22,0.0000,0.1676,56.66
10750,25,0.0000,0.1631,54.22
10800,26,0.0000,0.1631,51.77
10850,29,0.0000,0.1619,48.70
10900,33,0.0000,0.1531,44.58
10950,36,0.0000,0.1531,40.06
11000,38,0.0000,0.1519,36.33
11050,38,0.0000,0.1519,33.80
11100,39,0.0000,0.1519,32.28
11150,25,0.0000,0.1506,34.16
11200,21,0.0000,0.1506,38.98
11250,19,0.0000,0.1506,43.77
11300,17,0.0000,0.1506,48.95
11350,14,0.0000,0.1506,54.28
11400,12,0.0000,0.1506,60.56
11450,12,0.0000,0.1506,66.57
11500,12,0.0000,0.1506,71.59
11550,12,0.0000,0.1506,75.78
11600,12,0.0000,0.1506,79.28
11650,12,0.0000,0.1506,82.21
11700,12,0.0000,0.1506,84.65
11750,12,0.0000,0.1506,86.69
11800,12,0.0000,0.1506,88.39
11850,13,0.0000,0.1493,89.60
11900,14,0.0000,0.1487,88.56
11950,19,0.0000,0.1437,85.10
12000,20,0.0000,0.1437,79.09
12050,23,0.0000,0.1419,71.78
12100,24,0.0000,0.1419,64.94
12150,24,0.0000,0.1419,59.95
12200,24,0.0000,0.1419,56.46
12250,24,0.0000,0.1419,54.03
12300,24,0.0000,0.1419,52.34
12350,24,0.0000,0.1419,51.16
12400,24,0.0000,0.1419,50.33
12450,24,0.0000,0.1419,49.76
12500,24,0.0000,0.1419,49.36
12550,24,0.0000,0.1419,49.08
12600,24,0.0000,0.1419,48.88
12650,24,0.0000,0.1419,48.74
12700,24,0.0000,0.1419,48.65
12750,24,0.0000,0.1419,48.58
12800,24,0.0000,0.1419,48.54
12850,26,0.0000,0.1404,48.15
12900,26,0.0000,0.1404,47.03
12950,26,0.0000,0.1404,46.28
13000,28,0.0000,0.1395,44.60
13050,29,0.0000,0.1395,43.55
13100,29,0.0000,0.1380,41.86
13150,18,0.0000,0.1382,44.57
13200,16,0.0000,0.1382,50.10
13250,17,0.0000,0.1413,54.30
13300,19,0.0000,0.1342,56.12
13350,21,0.0000,0.1348,56.73
13400,22,0.0000,0.1331,55.86
13450,20,0.0000,0.1331,55.60
13500,19,0.0000,0.1331,56.67
13550,19,0.0000,0.1331,57.80
13600,19,0.0000,0.1331,58.65
13650,19,0.0000,0.1331,59.28
13700,19,0.0000,0.1331,59.76
13750,19,0.0000,0.1331,60.13
13800,19,0.0000,0.1331,60.40
13850,19,0.0000,0.1331,60.60
13900,19,0.0000,0.1331,60.75
13950,19,0.0000,0.1331,60.87
14000,20,0.0000,0.1328,60.87
14050,20,0.0000,0.1328,60.16
14100,21,0.0000,0.1328,59.22
14150,22,0.0000,0.1331,57.92
14200,23,0.0000,0.1331,55.83
14250,23,0.0000,0.1331,54.29
14300,25,0.0000,0.1211,52.17
14350,29,0.0000,0.1214,48.78
14400,30,0.0000,0.1210,44.90
14450,12,0.0000,0.1603,46.83
14500,8,0.0000,0.1439,57.54
14550,8,0.0000,0.1439,67.50
14600,8,0.0000,0.1439,76.34
14650,8,0.0000,0.1439,84.18
14700,8,0.0000,0.1439,91.13
14750,8,0.0000,0.1439,97.29
14800,8,0.0000,0.1439,99.76
14850,8,0.0000,0.1439,99.76
14900,8,0.0000,0.1439,99.76
14950,8,0.0000,0.1439,99.76
15000,8,0.0000,0.1439,99.76
15050,9,0.0000,0.1439,99.73
15100,9,0.0000,0.1439,99.73
15150,12,0.0000,0.1690,99.50
15200,14,0.0000,0.1690,97.50
15250,16,0.0000,0.1785,92.67
15300,16,0.0000,0.1785,88.41
15350,16,0.0000,0.1785,85.07
15400,16,0.0000,0.1785,82.43
15450,16,0.0000,0.1785,80.36
15500,16,0.0000,0.1785,78.73
15550,16,0.0000,0.1785,77.45
15600,16,0.0000,0.1785,76.45
15650,16,0.0000,0.1785,75.65
15700,16,0.0000,0.1785,75.03
15750,17,0.0000,0.1785,74.21
15800,17,0.0000,0.1785,72.92
15850,19,0.0000,0.1785,70.43
15900,20,0.0000,0.1785,67.94
15950,22,0.0000,0.1847,64.32
16000,27,0.0000,0.1847,59.04
16050,30,0.0000,0.1897,52.89
16100,32,0.0000,0.1897,46.90
16150,32,0.0000,0.1897,42.85
16200,32,0.0000,0.1897,40.34
16250,32,0.0000,0.1897,38.79
16300,32,0.0000,0.1897,37.83
16350,32,0.0000,0.1897,37.24
16400,27,0.0000,0.1897,36.94
16450,19,0.0000,0.1897,42.15
16500,18,0.0000,0.1897,46.99
16550,17,0.0000,0.1897,51.75
16600,17,0.0000,0.1897,55.51
16650,17,0.0000,0.1897,58.42
16700,17,0.0000,0.1897,60.68
16750,17,0.0000,0.1897,62.42
16800,17,0.0000,0.1897,63.78
16850,17,0.0000,0.1897,64.83
16900,17,0.0000,0.1897,65.64
16950,18,0.0000,0.1897,65.69
17000,19,0.0000,0.1897,65.10
17050,20,0.0000,0.1897,63.79
17100,20,0.0000,0.1897,62.33
17150,23,0.0000,0.1897,60.36
17200,27,0.0000,0.1911,56.77
17250,29,0.0000,0.1892,51.40
17300,32,0.0000,0.1888,46.56
17350,34,0.0000,0.1888,41.83
17400,34,0.0000,0.1888,38.75
17450,17,0.0000,0.1888,40.72
17500,4,0.0000,1.0000,52.36
17550,4,0.0000,1.0000,66.28
17600,4,0.0000,1.0000,79.40
17650,4,0.0000,1.0000,91.75
17700,4,0.0000,1.0000,99.88
17750,4,0.0000,1.0000,99.88
17800,4,0.0000,1.0000,99.88
17850,4,0.0000,1.0000,99.88
17900,4,0.0000,1.0000,99.88
17950,5,0.0000,1.0000,99.85
18000,7,0.0000,0.1802,99.79
18050,8,0.0000,0.1802,99.76
18100,8,0.0000,0.1802,99.76
18150,8,0.0000,0.1802,99.76
18200,8,0.0000,0.1802,99.76
18250,8,0.0000,0.1802,99.76
18300,8,0.0000,0.1802,99.76
18350,8,0.0000,0.1802,99.76
18400,8,0.0000,0.1802,99.76
18450,8,0.0000,0.1802,99.76
18500,8,0.0000,0.1802,99.76
18550,9,0.0000,0.1802,99.73
18600,9,0.0000,0.1802,99.73
18650,11,0.0000,0.1802,99.67
18700,15,0.0000,0.2294,97.29
18750,16,0.0000,0.2378,92.26
18800,16,0.0000,0.2378,88.09
18850,16,0.0000,0.2378,84.82
18900,16,0.0000,0.2378,82.24
18950,16,0.0000,0.2378,80.21
19000,16,0.0000,0.2378,78.61
19050,16,0.0000,0.2378,77.36
19100,16,0.0000,0.2378,76.37
19150,16,0.0000,0.2378,75.59
19200,16,0.0000,0.2378,74.98
19250,16,0.0000,0.2378,74.50
19300,18,0.0000,0.2378,73.31
19350,18,0.0000,0.2378,71.25
19400,18,0.0000,0.2378,69.69
19450,23,0.0000,0.2378,67.22
19500,25,0.0000,0.2378,61.86
19550,28,0.0000,0.2339,55.93
19600,31,0.0000,0.2284,49.76
19650,32,0.0000,0.2162,45.05
19700,32,0.0000,0.2162,41.71
19750,32,0.0000,0.2162,39.64
19800,32,0.0000,0.2162,38.36
19850,32,0.0000,0.2162,37.56
19900,32,0.0000,0.2162,37.07
19950,20,0.0000,0.2162,38.71
20000,18,0.0000,0.2162,44.75
20050,18,0.0000,0.2162,49.46
20100,18,0.0000,0.2162,53.05
20150,17,0.0000,0.2162,56.40
20200,17,0.0000,0.2162,59.11
20250,17,0.0000,0.2162,61.21
20300,17,0.0000,0.2162,62.84
20350,17,0.0000,0.2162,64.10
20400,17,0.0000,0.2162,65.08
20450,18,0.0000,0.2162,65.09
20500,19,0.0000,0.2162,64.41
20550,19,0.0000,0.2162,63.62
20600,21,0.0000,0.2155,61.53
20650,22,0.0000,0.2155,59.55
20700,27,0.0000,0.2137,56.43
20750,29,0.0000,0.2137,50.87
20800,31,0.0000,0.2137,46.63
20850,33,0.0000,0.2205,42.54
20900,33,0.0000,0.2205,39.66
20950,15,0.0000,0.2238,42.62
21000,5,0.0000,0.2419,54.43
21050,5,0.0000,0.2419,67.34
21100,5,0.0000,0.2419,79.33
21150,5,0.0000,0.2419,90.44
21200,5,0.0000,0.2419,99.85
21250,5,0.0000,0.2419,99.85
21300,5,0.0000,0.2419,99.85
21350,5,0.0000,0.2419,99.85
21400,5,0.0000,0.2419,99.85
21450,5,0.0000,0.2419,99.85
21500,8,0.0000,0.2286,99.76
21550,8,0.0000,0.2286,99.76
21600,8,0.0000,0.2286,99.76
21650,10,0.0000,0.2365,99.70
21700,10,0.0000,0.2365,99.70
21750,10,0.0000,0.2365,99.70
21800,10,0.0000,0.2365,99.70
21850,10,0.0000,0.2365,99.70
21900,10,0.0000,0.2365,99.70
21950,10,0.0000,0.2365,99.70
22000,10,0.0000,0.2365,99.70
22050,10,0.0000,0.2365,99.70
22100,10,0.0000,0.2365,99.70
22150,13,0.0000,0.2366,99.31
22200,17,0.0000,0.2490,94.85
22250,17,0.0000,0.2490,88.91
22300,18,0.0000,0.2490,83.50
22350,20,0.0000,0.2558,77.42
22400,20,0.0000,0.2558,72.42
22450,20,0.0000,0.2558,68.72
22500,20,0.0000,0.2558,65.98
22550,20,0.0000,0.2558,63.95
22600,20,0.0000,0.2558,62.45
22650,20,0.0000,0.2558,61.33
22700,20,0.0000,0.2558,60.51
22750,20,0.0000,0.2558,59.90
22800,20,0.0000,0.2558,59.44
22850,20,0.0000,0.2558,59.11
22900,20,0.0000,0.2558,58.86
22950,20,0.0000,0.2558,58.68
23000,21,0.0000,0.2558,58.00
23050,23,0.0000,0.2558,56.67
23100,27,0.0000,0.2364,53.43
23150,28,0.0000,0.2364,49.74
23200,31,0.0000,0.2364,45.78
23250,33,0.0000,0.2364,41.91
23300,36,0.0000,0.2364,38.47
23350,37,0.0000,0.2364,35.65
23400,37,0.0000,0.2364,33.82
23450,30,0.0000,0.2364,32.93
23500,23,0.0000,0.2326,37.49
23550,22,0.0000,0.2326,41.97
23600,21,0.0000,0.2326,45.78
23650,21,0.0000,0.2326,48.38
23700,13,0.0000,0.2326,52.04
23750,10,0.0000,0.2666,60.57
23800,10,0.0000,0.2666,68.36
23850,10,0.0000,0.2666,75.06
23900,10,0.0000,0.2666,80.83
23950,10,0.0000,0.2666,85.80
24000,10,0.0000,0.2666,90.07
24050,10,0.0000,0.2666,93.75
24100,10,0.0000,0.2666,96.91
24150,10,0.0000,0.2666,99.64
24200,12,0.0000,0.2666,99.47
24250,14,0.0000,0.2666,97.08
24300,16,0.0000,0.2666,93.70
24350,17,0.0000,0.2666,88.97
24400,19,0.0000,0.2544,82.93
24450,20,0.0000,0.2618,76.56
24500,20,0.0000,0.2618,71.79
24550,20,0.0000,0.2618,68.25
24600,20,0.0000,0.2618,65.63
24650,20,0.0000,0.2618,63.69
24700,20,0.0000,0.2618,62.26
24750,20,0.0000,0.2618,61.19
24800,20,0.0000,0.2618,60.40
24850,20,0.0000,0.2618,59.82
24900,20,0.0000,0.2618,59.39
24950,20,0.0000,0.2618,59.07
25000,20,0.0000,0.2618,58.83
25050,21,0.0000,0.2618,57.95
25100,25,0.0000,0.1940,56.38
25150,27,0.0000,0.1547,52.15
25200,27,0.0000,0.1547,49.11
25250,29,0.0000,0.1547,46.75
25300,30,0.0000,0.1324,44.21
25350,32,0.0000,0.1111,41.70
25400,34,0.0000,0.1111,38.91
25450,36,0.0000,0.1111,36.27
25500,37,0.0000,0.1111,34.28
25550,28,0.0000,0.1111,34.90
25600,25,0.0000,0.1055,38.29
25650,21,0.0000,0.1055,41.58
25700,19,0.0000,0.1055,45.97
25750,11,0.0000,0.1344,52.12
25800,9,0.0000,0.1344,61.78
25850,9,0.0000,0.1344,70.32
25900,9,0.0000,0.1344,77.79
25950,9,0.0000,0.1344,84.31
26000,9,0.0000,0.1344,90.01
26050,9,0.0000,0.1344,94.99
26100,9,0.0000,0.1344,99.34
26150,9,0.0000,0.1344,99.73
26200,9,0.0000,0.1344,99.73
26250,10,0.0000,0.1116,99.70
26300,10,0.0000,0.1116,99.70
26350,13,0.0000,0.1106,99.41
26400,15,0.0000,0.1082,96.67
26450,18,0.0000,0.1082,90.33
26500,18,0.0000,0.1082,84.25
26550,18,0.0000,0.1082,79.61
26600,18,0.0000,0.1082,76.06
26650,18,0.0000,0.1082,73.36
26700,18,0.0000,0.1082,71.29
26750,18,0.0000,0.1082,69.72
26800,18,0.0000,0.1082,68.51
26850,18,0.0000,0.1082,67.59
26900,18,0.0000,0.1082,66.89
26950,18,0.0000,0.1082,66.36
27000,18,0.0000,0.1082,65.95
27050,19,0.0000,0.1082,65.07
27100,19,0.0000,0.1082,64.12
27150,22,0.0000,0.1364,61.71
27200,26,0.0000,0.1455,56.82
27250,28,0.0000,0.1402,52.68
27300,28,0.0000,0.1402,48.84
27350,30,0.0000,0.1385,45.76
27400,33,0.0000,0.1350,42.59
27450,36,0.0000,0.1185,39.11
27500,36,0.0000,0.1185,36.24
27550,36,0.0000,0.1185,34.56
27600,34,0.0000,0.1185,33.60
27650,21,0.0000,0.1185,37.44
27700,18,0.0000,0.1185,43.38
27750,18,0.0000,0.1185,48.41
27800,18,0.0000,0.1185,52.25
27850,18,0.0000,0.1185,55.18
27900,18,0.0000,0.1185,57.41
27950,18,0.0000,0.1185,59.12
28000,18,0.0000,0.1185,60.43
28050,18,0.0000,0.1185,61.42
28100,18,0.0000,0.1185,62.18
28150,18,0.0000,0.1185,62.76
28200,18,0.0000,0.1185,63.20
28250,19,0.0000,0.1185,63.28
28300,20,0.0000,0.1206,62.16
28350,22,0.0000,0.1284,60.65
28400,25,0.0000,0.1284,57.21
28450,26,0.0000,0.1284,53.51
28500,26,0.0000,0.1284,50.66
28550,28,0.0000,0.1275,48.69
28600,32,0.0000,0.1337,44.84
28650,22,0.0000,0.1405,44.03
28700,7,0.0000,0.0197,51.30
28750,5,0.0000,0.0197,64.30
28800,6,0.0000,0.1143,75.55
28850,6,0.0000,0.1143,85.77
28900,6,0.0000,0.1143,95.11
28950,6,0.0000,0.1143,99.82
29000,6,0.0000,0.1143,99.82
29050,6,0.0000,0.1143,99.82
29100,6,0.0000,0.1143,99.82
29150,6,0.0000,0.1143,99.82
29200,6,0.0000,0.1143,99.82
29250,6,0.0000,0.1143,99.82
29300,7,0.0000,0.1143,99.79
29350,9,0.0000,0.1143,99.73
29400,10,0.0000,0.1143,99.70
29450,12,0.0000,0.1956,99.58
29500,12,0.0000,0.1956,99.16
29550,12,0.0000,0.1956,98.81
29600,12,0.0000,0.1956,98.51
29650,12,0.0000,0.1956,98.27
29700,12,0.0000,0.1956,98.07
29750,12,0.0000,0.1956,97.90
29800,12,0.0000,0.1956,97.75
29850,12,0.0000,0.1956,97.64
29900,12,0.0000,0.1956,97.54
29950,15,0.0000,0.1956,95.39
30000,16,0.0000,0.1956,91.69
30050,19,0.0000,0.1956,86.35
30100,22,0.0000,0.1956,77.88
30150,23,0.0000,0.2217,70.48
30200,24,0.0000,0.2351,63.83
30250,24,0.0000,0.2351,59.17
30300,24,0.0000,0.2351,55.92
30350,24,0.0000,0.2351,53.66
30400,24,0.0000,0.2351,52.08
30450,24,0.0000,0.2351,50.97
30500,24,0.0000,0.2351,50.20
30550,24,0.0000,0.2351,49.67
30600,24,0.0000,0.2351,49.29
30650,24,0.0000,0.2351,49.03
30700,24,0.0000,0.2351,48.85
30750,24,0.0000,0.2351,48.72
30800,24,0.0000,0.2351,48.63
30850,24,0.0000,0.2351,48.57
30900,24,0.0000,0.2351,48.53
30950,25,0.0000,0.2351,48.13
31000,25,0.0000,0.2351,47.62
31050,28,0.0000,0.2351,46.46
31100,32,0.0000,0.2351,44.50
31150,33,0.0000,0.2351,41.11
31200,27,0.0000,0.2351,40.62
31250,22,0.0000,0.2351,43.36
31300,21,0.0000,0.2351,46.30
31350,18,0.0000,0.2423,49.92
31400,20,0.0000,0.2423,52.94
31450,20,0.0000,0.2423,54.29
31500,18,0.0000,1.0000,55.24
31550,18,0.0000,1.0000,57.47
31600,18,0.0000,1.0000,59.16
31650,18,0.0000,1.0000,60.46
31700,18,0.0000,1.0000,61.44
31750,18,0.0000,1.0000,62.20
31800,18,0.0000,1.0000,62.77
31850,18,0.0000,1.0000,63.21
31900,18,0.0000,1.0000,63.55
31950,18,0.0000,1.0000,63.80
32000,18,0.0000,1.0000,64.00
32050,18,0.0000,1.0000,64.15
32100,18,0.0000,1.0000,64.26
32150,18,0.0000,1.0000,64.35
32200,18,0.0000,1.0000,64.42
32250,22,0.0000,1.0000,62.22
32300,25,0.0000,0.2537,58.34
32350,26,0.0000,0.2440,53.98
32400,27,0.0000,0.2440,50.86
32450,30,0.0000,0.2395,46.94
32500,32,0.0000,0.2395,43.14
32550,33,0.0000,0.2395,40.05
32600,17,0.0000,0.2395,42.05
32650,9,0.0000,0.2648,51.51
32700,8,0.0000,0.2648,62.12
32750,8,0.0000,0.2648,71.56
32800,8,0.0000,0.2648,79.94
32850,8,0.0000,0.2648,87.37
32900,8,0.0000,0.2648,93.96
32950,8,0.0000,0.2648,99.76
33000,8,0.0000,0.2648,99.76
33050,8,0.0000,0.2648,99.76
33100,8,0.0000,0.2648,99.76
33150,8,0.0000,0.2648,99.76
33200,8,0.0000,0.2648,99.76
33250,10,0.0000,0.2531,99.70
33300,11,0.0000,0.2531,99.67
33350,15,0.0000,0.2457,97.07
33400,15,0.0000,0.2457,93.14
33450,16,0.0000,0.2485,89.20
33500,16,0.0000,0.2485,85.68
33550,16,0.0000,0.2485,82.92
33600,16,0.0000,0.2485,80.75
33650,16,0.0000,0.2485,79.04
33700,16,0.0000,0.2485,77.69
33750,16,0.0000,0.2485,76.63
33800,16,0.0000,0.2485,75.80
33850,16,0.0000,0.2485,75.14
33900,16,0.0000,0.2485,74.63
33950,16,0.0000,0.2485,74.22
34000,20,0.0000,0.2513,71.96
34050,21,0.0000,0.2513,68.12
34100,23,0.0000,0.2513,63.96
34150,26,0.0000,0.2546,58.54
34200,29,0.0000,0.2546,53.06
34250,31,0.0000,0.2515,47.58
34300,32,0.0000,0.2515,43.41
34350,32,0.0000,0.2515,40.69
34400,32,0.0000,0.2515,39.01
34450,32,0.0000,0.2515,37.97
34500,32,0.0000,0.2515,37.32
34550,32,0.0000,0.2515,36.92
34600,20,0.0000,0.2515,41.14
34650,17,0.0000,0.2515,46.28
34700,16,0.0000,0.2515,51.66
34750,16,0.0000,0.2515,56.16
34800,16,0.0000,0.2515,59.69
34850,16,0.0000,0.2515,62.48
34900,16,0.0000,0.2515,64.66
34950,16,0.0000,0.2515,66.39
35000,16,0.0000,0.2515,67.74
35050,16,0.0000,0.2515,68.80
35100,16,0.0000,0.2515,69.64
35150,18,0.0000,0.2515,69.44
35200,19,0.0000,0.2515,67.75
35250,22,0.0000,0.2508,64.74
35300,23,0.0000,0.2508,60.67
35350,25,0.0000,0.2508,56.90
35400,29,0.0000,0.2363,52.48
35450,31,0.0000,0.2199,47.43
35500,31,0.0000,0.2199,43.72
35550,32,0.0000,0.2199,40.89
35600,32,0.0000,0.2199,39.13
35650,21,0.0000,0.2199,42.12
35700,9,0.0000,0.2134,48.43
35750,6,0.0000,0.2171,60.73
35800,6,0.0000,0.2171,72.22
35850,6,0.0000,0.2171,82.73
35900,6,0.0000,0.2171,92.33
35950,6,0.0000,0.2171,99.82
36000,6,0.0000,0.2171,99.82
36050,6,0.0000,0.2171,99.82
36100,6,0.0000,0.2171,99.82
36150,8,0.0000,0.2043,99.76
36200,11,0.0000,0.1842,99.67
36250,11,0.0000,0.1842,99.67
36300,11,0.0000,0.1842,99.67
36350,11,0.0000,0.1842,99.67
36400,12,0.0000,0.1842,99.52
36450,12,0.0000,0.1842,99.11
36500,12,0.0000,0.1842,98.77
36550,12,0.0000,0.1842,98.48
36600,12,0.0000,0.1842,98.24
36650,12,0.0000,0.1842,98.04
36700,12,0.0000,0.1842,97.88
36750,15,0.0000,0.1842,95.77
36800,16,0.0000,0.1961,91.81
36850,19,0.0000,0.2117,87.02
36900,22,0.0000,0.2085,78.54
36950,22,0.0000,0.2085,71.32
37000,22,0.0000,0.2085,66.12
37050,22,0.0000,0.2085,62.39
37100,23,0.0000,0.2085,59.66
37150,24,0.0000,0.2100,56.66
37200,24,0.0000,0.2100,54.17
37250,24,0.0000,0.2100,52.43
37300,24,0.0000,0.2100,51.22
37350,24,0.0000,0.2100,50.38
37400,24,0.0000,0.2100,49.79
37450,24,0.0000,0.2100,49.38
37500,24,0.0000,0.2100,49.09
37550,24,0.0000,0.2100,48.89
37600,24,0.0000,0.2100,48.75
37650,24,0.0000,0.2100,48.65
37700,26,0.0000,0.2100,47.83
37750,28,0.0000,0.2100,46.30
37800,29,0.0000,0.2100,44.58
37850,29,0.0000,0.2100,42.83
37900,29,0.0000,0.2100,41.85
37950,32,0.0000,0.2100,40.45
38000,26,0.0000,0.2094,40.33
38050,21,0.0000,0.2083,42.87
38100,17,0.0000,0.2065,47.80
38150,16,0.0000,0.2069,52.79
38200,18,0.0000,0.2092,55.90
38250,18,0.0000,0.2092,57.97
38300,18,0.0000,0.2092,59.55
38350,18,0.0000,0.2092,60.75
38400,18,0.0000,0.2092,61.67
38450,18,0.0000,0.2092,62.37
38500,18,0.0000,0.2092,62.90
38550,18,0.0000,0.2092,63.31
38600,18,0.0000,0.2092,63.62
38650,18,0.0000,0.2092,63.86
38700,18,0.0000,0.2092,64.04
38750,18,0.0000,0.2092,64.18
38800,18,0.0000,0.2092,64.29
38850,18,0.0000,0.2092,64.37
38900,19,0.0000,0.2092,63.85
38950,19,0.0000,0.2092,63.20
39000,20,0.0000,0.2092,62.14
39050,24,0.0000,0.2092,59.20
39100,29,0.0000,0.2031,53.75
39150,31,0.0000,0.1992,48.09
39200,34,0.0000,0.1905,43.25
39250,35,0.0000,0.1905,39.41
39300,29,0.0000,0.1905,37.22
39350,11,0.0000,0.1905,43.18
39400,5,0.0000,0.2019,55.44
39450,5,0.0000,0.2019,68.28
39500,5,0.0000,0.2019,80.20
39550,5,0.0000,0.2019,91.25
39600,5,0.0000,0.2019,99.85
39650,5,0.0000,0.2019,99.85
39700,5,0.0000,0.2019,99.85
39750,5,0.0000,0.2019,99.85
39800,5,0.0000,0.2019,99.85
39850,5,0.0000,0.2019,99.85
39900,5,0.0000,0.2019,99.85
39950,5,0.0000,0.2019,99.85
40000,6,0.0000,0.1985,99.82
40050,9,0.0000,0.2005,99.73
40100,10,0.0000,0.1984,99.70
40150,10,0.0000,0.1984,99.70
40200,10,0.0000,0.1984,99.70
40250,10,0.0000,0.1984,99.70
40300,10,0.0000,0.1984,99.70
40350,10,0.0000,0.1984,99.70
40400,10,0.0000,0.1984,99.70
40450,10,0.0000,0.1984,99.70
40500,10,0.0000,0.1984,99.70
40550,10,0.0000,0.1984,99.70
40600,11,0.0000,0.2046,99.67
40650,16,0.0000,0.2142,97.76
40700,17,0.0000,0.2322,91.51
40750,19,0.0000,0.2486,84.47
40800,20,0.0000,0.2486,77.92
40850,20,0.0000,0.2486,72.79
40900,20,0.0000,0.2486,69.00
40950,20,0.0000,0.2486,66.19
41000,20,0.0000,0.2486,64.10
41050,20,0.0000,0.2486,62.56
41100,20,0.0000,0.2486,61.42
41150,20,0.0000,0.2486,60.57
41200,20,0.0000,0.2486,59.94
41250,20,0.0000,0.2486,59.48
41300,20,0.0000,0.2486,59.13
41350,20,0.0000,0.2486,58.88
41400,21,0.0000,0.2486,58.55
41450,22,0.0000,0.2455,57.49
41500,23,0.0000,0.2455,55.48
41550,23,0.0000,0.2455,54.04
41600,27,0.0000,0.2455,51.32
41650,29,0.0000,0.2416,47.73
41700,31,0.0000,0.2341,44.37
41750,35,0.0000,0.2341,40.56
41800,35,0.0000,0.2341,37.54
41850,37,0.0000,0.2341,35.20
41900,39,0.0000,0.2288,33.25
41950,27,0.0000,0.2288,33.85
42000,22,0.0000,0.2288,38.45
42050,21,0.0000,0.2288,42.74
42100,19,0.0000,0.2288,46.79
42150,12,0.0000,0.2320,51.95
42200,9,0.0000,0.2320,60.89
42250,9,0.0000,0.2320,69.55
42300,9,0.0000,0.2320,77.11
42350,9,0.0000,0.2320,83.72
42400,9,0.0000,0.2320,89.50
42450,9,0.0000,0.2320,94.54
42500,9,0.0000,0.2320,98.95
42550,9,0.0000,0.2320,99.73
42600,9,0.0000,0.2320,99.73
42650,11,0.0000,0.2205,99.67
42700,12,0.0000,0.2205,99.35
42750,14,0.0000,0.2064,97.75
42800,16,0.0000,0.2064,93.17
42850,18,0.0000,0.2025,87.03
42900,18,0.0000,0.2025,81.73
42950,18,0.0000,0.2025,77.69
43000,18,0.0000,0.2025,74.60
43050,18,0.0000,0.2025,72.24
43100,18,0.0000,0.2025,70.44
43150,18,0.0000,0.2025,69.06
43200,18,0.0000,0.2025,68.01
43250,18,0.0000,0.2025,67.21
43300,18,0.0000,0.2025,66.60
43350,19,0.0000,0.2025,66.14
43400,19,0.0000,0.2025,64.92
43450,21,0.0000,0.2029,62.54
43500,23,0.0000,0.2029,59.79
43550,25,0.0000,0.2006,56.17
43600,26,0.0000,0.2006,52.84
43650,28,0.0000,0.1770,49.74
43700,28,0.0000,0.1770,46.91
43750,33,0.0000,0.1732,43.48
43800,33,0.0000,0.1732,40.23
43850,35,0.0000,0.1698,37.62
43900,36,0.0000,0.1704,35.75
43950,36,0.0000,0.1704,34.28
44000,23,0.0000,0.1704,35.97
44050,20,0.0000,0.1704,41.26
44100,19,0.0000,0.1704,46.10
44150,18,0.0000,0.1704,50.11
44200,18,0.0000,0.1704,53.54
44250,18,0.0000,0.1704,56.17
44300,18,0.0000,0.1704,58.17
44350,18,0.0000,0.1704,59.70
44400,18,0.0000,0.1704,60.87
44450,18,0.0000,0.1704,61.76
44500,18,0.0000,0.1704,62.44
44550,19,0.0000,0.1704,62.31
44600,21,0.0000,0.1701,61.51
44650,22,0.0000,0.1656,59.46
44700,22,0.0000,0.1656,57.60
44750,25,0.0000,0.1661,56.04
44800,26,0.0000,0.1661,52.82
44850,26,0.0000,0.1661,50.19
44900,27,0.0000,0.1709,47.86
44950,19,0.0000,0.1690,46.63
45000,9,0.0000,0.1617,53.58
45050,8,0.0000,0.1617,63.72
45100,9,0.0000,0.1554,72.35
45150,10,0.0000,0.1561,78.83
45200,10,0.0000,0.1561,84.08
45250,10,0.0000,0.1561,88.59
45300,10,0.0000,0.1561,92.48
45350,10,0.0000,0.1561,95.82
45400,10,0.0000,0.1561,98.70
45450,10,0.0000,0.1561,99.70
45500,11,0.0000,0.1561,99.67
45550,11,0.0000,0.1561,99.67
45600,11,0.0000,0.1561,99.67
45650,11,0.0000,0.1561,99.67
45700,11,0.0000,0.1561,99.67
45750,17,0.0000,0.1790,96.55
45800,18,0.0000,0.1953,90.06
45850,19,0.0000,0.1953,83.80
45900,20,0.0000,0.1997,77.42
45950,20,0.0000,0.1997,72.42
46000,20,0.0000,0.1997,68.72
46050,20,0.0000,0.1997,65.98
46100,20,0.0000,0.1997,63.95
46150,20,0.0000,0.1997,62.45
46200,20,0.0000,0.1997,61.33
46250,20,0.0000,0.1997,60.51
46300,22,0.0000,0.1843,59.10
46350,22,0.0000,0.1843,57.34
46400,22,0.0000,0.1843,56.08
46450,22,0.0000,0.1843,55.17
46500,22,0.0000,0.1843,54.52
46550,23,0.0000,0.1843,53.82
46600,24,0.0000,0.1843,52.69
46650,24,0.0000,0.1843,51.40
46700,26,0.0000,0.1798,50.28
46750,26,0.0000,0.1798,48.48
46800,31,0.0000,0.1766,45.27
46850,35,0.0000,0.1766,41.35
46900,36,0.0000,0.1731,37.82
46950,37,0.0000,0.1708,35.36
47000,33,0.0000,0.1708,34.01
47050,28,0.0000,0.1708,35.30
47100,24,0.0000,0.1708,38.73
47150,20,0.0000,0.1708,43.08
47200,14,0.0000,0.1789,48.30
47250,9,0.0000,0.1860,56.78
47300,9,0.0000,0.1860,65.95
47350,9,0.0000,0.1860,73.97
47400,9,0.0000,0.1860,80.98
47450,9,0.0000,0.1860,87.10
47500,9,0.0000,0.1860,92.44
47550,9,0.0000,0.1860,97.12
47600,9,0.0000,0.1860,99.73
47650,9,0.0000,0.1860,99.73
47700,9,0.0000,0.1860,99.73
47750,10,0.0000,0.1860,99.70
47800,12,0.0000,0.1789,99.32
47850,15,0.0000,0.1789,96.03
47900,17,0.0000,0.1750,90.00
47950,18,0.0000,0.1721,84.02
48000,18,0.0000,0.1721,79.43
48050,18,0.0000,0.1721,75.93
48100,18,0.0000,0.1721,73.25
48150,18,0.0000,0.1721,71.21
48200,18,0.0000,0.1721,69.65
48250,18,0.0000,0.1721,68.47
48300,18,0.0000,0.1721,67.56
48350,18,0.0000,0.1721,66.87
48400,18,0.0000,0.1721,66.34
48450,18,0.0000,0.1721,65.93
48500,19,0.0000,0.1721,64.96
48550,20,0.0000,0.1721,64.02
48600,22,0.0000,0.1721,61.40
48650,26,0.0000,0.1450,57.92
48700,30,0.0000,0.1277,51.83
48750,32,0.0000,0.1274,46.70
48800,34,0.0000,0.1264,42.53
48850,34,0.0000,0.1264,39.17
48900,34,0.0000,0.1264,37.16
48950,36,0.0000,0.1253,35.42
49000,36,0.0000,0.1253,34.09
49050,23,0.0000,0.1253,35.87
49100,20,0.0000,0.1253,41.42
49150,19,0.0000,0.1253,45.77
49200,18,0.0000,0.1253,50.10
49250,18,0.0000,0.1253,53.54
49300,18,0.0000,0.1253,56.16
49350,18,0.0000,0.1253,58.17
49400,18,0.0000,0.1253,59.70
49450,18,0.0000,0.1253,60.86
49500,18,0.0000,0.1253,61.76
49550,18,0.0000,0.1253,62.44
49600,18,0.0000,0.1253,62.96
49650,18,0.0000,0.1253,63.35
49700,19,0.0000,0.1253,63.28
49750,19,0.0000,0.1253,62.77
49800,20,0.0000,0.1253,62.03
49850,22,0.0000,0.1271,60.09
49900,24,0.0000,0.1271,56.73
49950,30,0.0000,0.1396,52.39
50000,33,0.0000,0.1521,46.38
50050,33,0.0000,0.1521,42.00
50100,18,0.0000,0.1519,40.50
50150,6,0.0000,0.1776,52.53
50200,7,0.0000,0.1776,64.54
50250,7,0.0000,0.1776,74.70
50300,7,0.0000,0.1776,83.85
50350,7,0.0000,0.1776,92.08
50400,7,0.0000,0.1776,99.50
50450,7,0.0000,0.1776,99.79
50500,7,0.0000,0.1776,99.79
50550,7,0.0000,0.1776,99.79
50600,7,0.0000,0.1776,99.79
50650,8,0.0000,0.1776,99.76
50700,8,0.0000,0.1776,99.76
50750,8,0.0000,0.1776,99.76
50800,11,0.0000,0.1879,99.70
50850,13,0.0000,0.1928,98.75
50900,13,0.0000,0.1928,97.12
50950,14,0.0000,0.2002,95.17
51000,14,0.0000,0.2002,92.90
51050,14,0.0000,0.2002,91.05
51100,14,0.0000,0.2002,89.55
51150,14,0.0000,0.2002,88.34
51200,14,0.0000,0.2002,87.35
51250,14,0.0000,0.2002,86.56
51300,15,0.0000,0.2002,85.42
51350,16,0.0000,0.2062,82.98
51400,16,0.0000,0.2062,80.79
51450,17,0.0000,0.2062,78.91
51500,19,0.0000,0.2062,75.63
51550,20,0.0000,0.2062,72.03
51600,25,0.0000,0.2086,67.01
51650,27,0.0000,0.2086,60.24
51700,27,0.0000,0.2086,54.51
51750,28,0.0000,0.2107,50.26
51800,28,0.0000,0.2107,47.25
51850,28,0.0000,0.2107,45.27
51900,28,0.0000,0.2107,43.97
51950,28,0.0000,0.2107,43.12
52000,28,0.0000,0.2107,42.56
52050,28,0.0000,0.2107,42.19
52100,28,0.0000,0.2107,41.95
52150,26,0.0000,0.2107,41.80
52200,20,0.0000,0.2107,44.69
52250,19,0.0000,0.2107,48.72
52300,20,0.0000,0.2107,51.49
52350,19,0.0000,0.2107,53.83
52400,20,0.0000,0.2107,55.35
52450,19,0.0000,0.2107,56.47
52500,20,0.0000,0.2107,56.97
52550,21,0.0000,0.2079,56.85
52600,22,0.0000,0.2079,56.38
52650,23,0.0000,0.2079,55.34
52700,23,0.0000,0.2079,53.94
52750,24,0.0000,0.2079,52.49
52800,25,0.0000,0.2079,50.62
52850,27,0.0000,0.2040,48.89
52900,25,0.0000,0.1975,47.79
52950,18,0.0000,0.1975,49.25
53000,8,0.0000,0.2128,55.95
53050,8,0.0000,0.2128,66.10
53100,8,0.0000,0.2128,75.09
53150,8,0.0000,0.2128,83.07
53200,8,0.0000,0.2128,90.15
53250,8,0.0000,0.2128,96.42
53300,8,0.0000,0.2128,99.76
53350,9,0.0000,0.2128,99.73
53400,10,0.0000,0.2128,99.70
53450,10,0.0000,0.2128,99.70
53500,12,0.0000,0.2128,99.46
53550,13,0.0000,0.1921,97.80
53600,14,0.0000,0.1921,95.52
53650,16,0.0000,0.1921,90.93
53700,16,0.0000,0.1921,87.05
53750,16,0.0000,0.1921,83.99
53800,16,0.0000,0.1921,81.59
53850,16,0.0000,0.1921,79.70
53900,16,0.0000,0.1921,78.21
53950,16,0.0000,0.1921,77.04
54000,16,0.0000,0.1921,76.12
54050,16,0.0000,0.1921,75.40
54100,16,0.0000,0.1921,74.83
54150,18,0.0000,0.1965,73.42
54200,19,0.0000,0.1965,70.41
54250,24,0.0000,0.1965,66.18
54300,25,0.0000,0.1965,60.26
54350,26,0.0000,0.1982,55.48
54400,28,0.0000,0.1982,51.30
54450,28,0.0000,0.1982,47.93
54500,32,0.0000,0.1800,45.06
54550,32,0.0000,0.1800,41.71
54600,32,0.0000,0.1800,39.64
54650,32,0.0000,0.1800,38.36
54700,32,0.0000,0.1800,37.57
54750,32,0.0000,0.1800,37.07
54800,19,0.0000,0.1800,40.09
54850,17,0.0000,0.1800,45.67
54900,16,0.0000,0.1800,50.88
54950,16,0.0000,0.1800,55.55
55000,16,0.0000,0.1800,59.21
55050,16,0.0000,0.1800,62.10
55100,16,0.0000,0.1800,64.37
55150,16,0.0000,0.1800,66.15
55200,16,0.0000,0.1800,67.56
55250,16,0.0000,0.1800,68.66
55300,16,0.0000,0.1800,69.53
55350,17,0.0000,0.1806,70.11
55400,21,0.0000,0.1787,67.74
55450,24,0.0000,0.1787,62.18
55500,25,0.0000,0.1787,57.30
55550,25,0.0000,0.1787,53.92
55600,27,0.0000,0.1792,51.13
55650,29,0.0000,0.1778,47.61
55700,29,0.0000,0.1778,44.94
55750,30,0.0000,0.1778,42.91
55800,31,0.0000,0.1777,41.03
55850,21,0.0000,0.1804,43.17
55900,11,0.0000,0.1768,49.38
55950,9,0.0000,0.1877,59.21
56000,9,0.0000,0.1877,68.08
56050,9,0.0000,0.1877,75.83
56100,9,0.0000,0.1877,82.60
56150,9,0.0000,0.1877,88.51
56200,9,0.0000,0.1877,93.68
56250,9,0.0000,0.1877,98.20
56300,9,0.0000,0.1877,99.73
56350,9,0.0000,0.1877,99.73
56400,13,0.0000,0.1775,99.63
56450,13,0.0000,0.1775,97.85
56500,13,0.0000,0.1775,96.38
56550,13,0.0000,0.1775,95.17
56600,15,0.0000,0.1805,92.83
56650,18,0.0000,0.1857,87.81
56700,18,0.0000,0.1857,82.33
56750,18,0.0000,0.1857,78.14
56800,18,0.0000,0.1857,74.94
56850,18,0.0000,0.1857,72.50
56900,18,0.0000,0.1857,70.64
56950,18,0.0000,0.1857,69.22
57000,18,0.0000,0.1857,68.13
57050,18,0.0000,0.1857,67.30
57100,19,0.0000,0.1857,66.51
57150,19,0.0000,0.1857,65.20
57200,22,0.0000,0.1867,62.78
57250,26,0.0000,0.1823,59.21
57300,26,0.0000,0.1823,54.52
57350,26,0.0000,0.1823,51.35
57400,26,0.0000,0.1823,49.20
57450,28,0.0000,0.1823,46.83
57500,28,0.0000,0.1823,45.00
57550,30,0.0000,0.1796,43.00
57600,30,0.0000,0.1796,41.44
57650,34,0.0000,0.1743,39.93
57700,34,0.0000,0.1743,37.61
57750,31,0.0000,0.1743,36.23
57800,25,0.0000,0.1743,38.46
57850,24,0.0000,0.1743,41.45
57900,20,0.0000,0.1743,44.79
57950,19,0.0000,0.1743,48.31
58000,15,0.0000,0.1820,52.41
58050,12,0.0000,0.1814,58.89
58100,12,0.0000,0.1814,65.17
58150,12,0.0000,0.1814,70.42
58200,12,0.0000,0.1814,74.81
58250,12,0.0000,0.1814,78.47
58300,12,0.0000,0.1814,81.53
58350,13,0.0000,0.1814,83.60
58400,14,0.0000,0.1814,84.17
58450,15,0.0000,0.1814,83.07
58500,15,0.0000,0.1814,81.97
58550,15,0.0000,0.1814,81.08
58600,16,0.0000,0.1814,80.01
58650,19,0.0000,0.1726,76.57
58700,24,0.0000,0.1676,69.57
58750,24,0.0000,0.1676,63.18
58800,24,0.0000,0.1676,58.72
58850,24,0.0000,0.1676,55.61
58900,24,0.0000,0.1676,53.44
58950,24,0.0000,0.1676,51.92
59000,24,0.0000,0.1676,50.87
59050,24,0.0000,0.1676,50.13
59100,24,0.0000,0.1676,49.62
59150,24,0.0000,0.1676,49.26
59200,24,0.0000,0.1676,49.01
59250,24,0.0000,0.1676,48.83
59300,24,0.0000,0.1676,48.71
59350,27,0.0000,0.1676,48.11
59400,28,0.0000,0.1676,46.28
59450,30,0.0000,0.1676,44.11
59500,30,0.0000,0.1676,42.15
59550,25,0.0000,0.1676,41.32
59600,20,0.0000,0.1676,44.21
59650,16,0.0000,0.1676,49.16
59700,15,0.0000,0.1676,54.41
59750,15,0.0000,0.1676,59.08
59800,16,0.0000,0.1676,62.45
59850,20,0.0000,0.1637,63.29
59900,22,0.0000,0.1451,61.13
59950,23,0.0000,0.1373,58.69
60000,24,0.0000,0.1373,55.73
60050,24,0.0000,0.1373,53.52
60100,24,0.0000,0.1373,51.98
60150,24,0.0000,0.1373,50.91
60200,22,0.0000,0.1373,50.97
60250,22,0.0000,0.1373,51.50
60300,21,0.0000,0.1373,52.38
60350,14,0.0000,0.1373,55.80
60400,14,0.0000,0.1373,60.98
60450,14,0.0000,0.1373,65.18
60500,15,0.0000,0.1284,68.54
60550,16,0.0000,0.1189,69.71
60600,16,0.0000,0.1189,70.35
60650,16,0.0000,0.1189,70.86
60700,16,0.0000,0.1189,71.26
60750,17,0.0000,0.1189,70.85
60800,17,0.0000,0.1189,70.31
60850,18,0.0000,0.1104,69.32
60900,20,0.0000,0.1104,67.19
60950,24,0.0000,0.0983,62.93
61000,28,0.0000,0.0987,56.95
61050,28,0.0000,0.0987,51.65
61100,28,0.0000,0.0987,48.16
61150,28,0.0000,0.0987,45.87
61200,28,0.0000,0.0987,44.37
61250,28,0.0000,0.0987,43.38
61300,24,0.0000,0.0987,42.89
61350,18,0.0000,0.0987,47.21
61400,17,0.0000,0.0987,51.90
61450,16,0.0000,0.1016,55.66
61500,16,0.0000,0.0981,59.86
61550,17,0.0000,0.0981,62.46
61600,19,0.0000,0.0964,63.65
61650,19,0.0000,0.0964,63.05
61700,20,0.0000,0.0964,62.41
61750,20,0.0000,0.0964,61.31
61800,20,0.0000,0.0964,60.49
61850,21,0.0000,0.0964,59.83
61900,21,0.0000,0.0964,58.62
61950,21,0.0000,0.0964,57.75
62000,21,0.0000,0.0964,57.10
62050,23,0.0000,0.0968,56.01
62100,24,0.0000,0.0958,53.73
62150,28,0.0000,0.0942,50.96
62200,30,0.0000,0.0934,46.81
62250,26,0.0000,0.0963,43.90
62300,8,0.0000,0.0653,51.64
62350,8,0.0000,0.0653,62.27
62400,8,0.0000,0.0653,71.70
62450,8,0.0000,0.0653,80.06
62500,9,0.0000,0.0653,87.17
62550,10,0.0000,0.0653,92.21
62600,13,0.0000,0.0653,93.37
62650,15,0.0000,0.0663,91.69
62700,16,0.0000,0.0663,88.48
62750,16,0.0000,0.0663,85.12
62800,16,0.0000,0.0663,82.48
62850,16,0.0000,0.0663,80.40
62900,16,0.0000,0.0663,78.76
62950,16,0.0000,0.0663,77.47
63000,16,0.0000,0.0663,76.46
63050,16,0.0000,0.0663,75.67
63100,16,0.0000,0.0663,75.04
63150,16,0.0000,0.0663,74.55
63200,16,0.0000,0.0663,74.16
63250,17,0.0000,0.0663,73.55
63300,20,0.0000,0.0663,71.14
63350,22,0.0000,0.0663,66.12
63400,24,0.0000,0.0663,61.50
63450,28,0.0000,0.0945,56.44
63500,28,0.0000,0.0945,51.31
63550,31,0.0000,0.1128,46.74
63600,32,0.0000,0.1128,43.05
63650,32,0.0000,0.1128,40.47
63700,32,0.0000,0.1128,38.87
63750,32,0.0000,0.1128,37.88
63800,32,0.0000,0.1128,37.27
63850,27,0.0000,0.1128,37.25
63900,19,0.0000,0.1128,41.82
63950,17,0.0000,0.1128,47.65
64000,16,0.0000,0.1128,52.97
64050,16,0.0000,0.1128,57.19
64100,16,0.0000,0.1128,60.50
64150,16,0.0000,0.1128,63.11
64200,16,0.0000,0.1128,65.16
64250,16,0.0000,0.1128,66.78
64300,16,0.0000,0.1128,68.05
64350,16,0.0000,0.1128,69.05
64400,16,0.0000,0.1128,69.83
64450,18,0.0000,0.1128,69.69
64500,20,0.0000,0.1128,67.57
64550,24,0.0000,0.1139,63.44
64600,25,0.0000,0.1115,58.34
64650,28,0.0000,0.1254,53.49
64700,30,0.0000,0.1251,48.62
64750,31,0.0000,0.1251,44.88
64800,31,0.0000,0.1251,42.12
64850,31,0.0000,0.1251,40.38
64900,24,0.0000,0.1251,40.88
64950,16,0.0000,0.1251,45.55
65000,8,0.0000,1.0000,55.33
65050,8,0.0000,1.0000,65.55
65100,8,0.0000,1.0000,74.60
65150,8,0.0000,1.0000,82.64
65200,8,0.0000,1.0000,89.76
65250,8,0.0000,1.0000,96.08
65300,8,0.0000,1.0000,99.76
65350,8,0.0000,1.0000,99.76
65400,10,0.0000,1.0000,99.70
65450,13,0.0000,0.1859,99.13
65500,14,0.0000,0.1843,96.48
65550,14,0.0000,0.1843,93.95
65600,15,0.0000,0.1843,91.37
65650,15,0.0000,0.1843,88.60
65700,16,0.0000,0.1917,86.10
65750,16,0.0000,0.1917,83.25
65800,16,0.0000,0.1917,81.00
65850,16,0.0000,0.1917,79.24
65900,16,0.0000,0.1917,77.85
65950,16,0.0000,0.1917,76.76
66000,16,0.0000,0.1917,75.90
66050,16,0.0000,0.1917,75.22
66100,16,0.0000,0.1917,74.69
66150,21,0.0000,0.1890,70.75
66200,22,0.0000,0.1829,66.51
66250,24,0.0000,0.1781,62.27
66300,26,0.0000,0.1738,57.16
66350,28,0.0000,0.1703,52.25
66400,28,0.0000,0.1703,48.56
66450,29,0.0000,0.1703,45.85
66500,30,0.0000,0.1703,43.32
66550,30,0.0000,0.1703,41.65
66600,30,0.0000,0.1703,40.58
66650,30,0.0000,0.1703,39.90
66700,30,0.0000,0.1703,39.47
66750,24,0.0000,0.1703,39.74
66800,22,0.0000,0.1703,43.09
66850,18,0.0000,0.1667,46.76
66900,18,0.0000,0.1667,50.99
66950,18,0.0000,0.1667,54.22
67000,18,0.0000,0.1667,56.68
67050,18,0.0000,0.1667,58.56
67100,18,0.0000,0.1667,60.00
67150,18,0.0000,0.1667,61.09
67200,18,0.0000,0.1667,61.93
67250,19,0.0000,0.1667,62.44
67300,19,0.0000,0.1667,62.14
67350,19,0.0000,0.1667,61.91
67400,23,0.0000,0.1688,60.29
67450,26,0.0000,0.1677,56.95
67500,27,0.0000,0.1688,52.50
67550,29,0.0000,0.1706,49.04
67600,29,0.0000,0.1706,45.87
67650,30,0.0000,0.1734,43.34
67700,16,0.0000,0.1823,45.04
67750,8,0.0000,0.1918,54.46
67800,6,0.0000,0.1918,66.43
67850,6,0.0000,0.1918,77.43
67900,6,0.0000,0.1918,87.49
67950,7,0.0000,0.1826,96.09
68000,9,0.0000,0.1826,99.73
68050,9,0.0000,0.1826,99.73
68100,9,0.0000,0.1826,99.73
68150,9,0.0000,0.1826,99.73
68200,10,0.0000,0.1826,99.70
68250,10,0.0000,0.1826,99.70
68300,11,0.0000,0.1777,99.67
68350,12,0.0000,0.1777,99.47
68400,12,0.0000,0.1777,99.07
68450,12,0.0000,0.1777,98.73
68500,12,0.0000,0.1777,98.45
68550,13,0.0000,0.1777,97.70
68600,14,0.0000,0.2102,94.97
68650,15,0.0000,0.2102,92.07
68700,18,0.0000,0.2102,87.27
68750,18,0.0000,0.2102,81.91
68800,18,0.0000,0.2102,77.82
68850,19,0.0000,0.2102,74.25
68900,19,0.0000,0.2102,71.02
68950,20,0.0000,0.1936,68.16
69000,21,0.0000,0.2008,65.30
69050,22,0.0000,0.2133,62.54
69100,23,0.0000,0.2133,59.31
69150,23,0.0000,0.2133,56.75
69200,24,0.0000,0.2133,54.25
69250,24,0.0000,0.2133,52.49
69300,24,0.0000,0.2133,51.26
69350,24,0.0000,0.2133,50.40
69400,24,0.0000,0.2133,49.81
69450,25,0.0000,0.2104,49.18
69500,27,0.0000,0.2104,47.58
69550,28,0.0000,0.2104,45.63
69600,28,0.0000,0.2104,44.21
69650,28,0.0000,0.2104,43.28
69700,28,0.0000,0.2104,42.66
69750,31,0.0000,0.2104,41.32
69800,30,0.0000,0.2176,40.66
69850,26,0.0000,0.2176,40.59
69900,26,0.0000,0.2176,41.82
69950,23,0.0000,0.2176,43.53
70000,20,0.0000,0.2176,46.05
70050,15,0.0000,0.2093,50.83
70100,10,0.0000,0.2033,59.14
70150,11,0.0000,0.2033,66.81
70200,12,0.0000,0.2125,71.97
70250,12,0.0000,0.2125,76.10
70300,12,0.0000,0.2125,79.54
70350,12,0.0000,0.2125,82.43
70400,12,0.0000,0.2125,84.83
70450,12,0.0000,0.2125,86.84
70500,12,0.0000,0.2125,88.52
70550,12,0.0000,0.2125,89.92
70600,13,0.0000,0.2125,90.91
70650,13,0.0000,0.2125,90.67
70700,15,0.0000,0.2125,89.04
70750,16,0.0000,0.2125,86.19
70800,19,0.0000,0.2037,81.30
70850,20,0.0000,0.2037,75.41
70900,21,0.0000,0.2037,70.59
70950,23,0.0000,0.2037,65.65
71000,24,0.0000,0.2056,60.88
71050,24,0.0000,0.2056,57.12
71100,24,0.0000,0.2056,54.49
71150,24,0.0000,0.2056,52.66
71200,24,0.0000,0.2056,51.38
71250,24,0.0000,0.2056,50.49
71300,24,0.0000,0.2056,49.86
71350,24,0.0000,0.2056,49.43
71400,24,0.0000,0.2056,49.13
71450,24,0.0000,0.2056,48.92
71500,24,0.0000,0.2056,48.77
71550,25,0.0000,0.2056,48.27
71600,26,0.0000,0.2056,47.35
71650,26,0.0000,0.2056,46.49
71700,26,0.0000,0.2056,45.91
71750,26,0.0000,0.2056,45.52
71800,24,0.0000,0.2056,45.92
71850,26,0.0000,0.1741,46.06
71900,28,0.0000,0.1691,45.10
71950,30,0.0000,0.1526,43.00
72000,26,0.0000,0.1526,42.70
72050,22,0.0000,0.1527,44.95
72100,17,0.0000,0.1447,48.65
72150,13,0.0000,0.1447,54.42
72200,13,0.0000,0.1447,60.65
72250,13,0.0000,0.1447,65.77
72300,13,0.0000,0.1447,69.99
72350,13,0.0000,0.1447,73.45
72400,13,0.0000,0.1447,76.31
72450,13,0.0000,0.1447,78.65
72500,13,0.0000,0.1447,80.59
72550,13,0.0000,0.1447,82.17
72600,13,0.0000,0.1447,83.48
72650,13,0.0000,0.1447,84.56
72700,14,0.0000,0.1260,84.88
72750,16,0.0000,0.1231,84.11
72800,18,0.0000,0.1243,80.52
72850,21,0.0000,0.1273,74.46
72900,22,0.0000,0.1273,68.54
72950,24,0.0000,0.1252,63.30
73000,26,0.0000,0.1252,58.31
73050,26,0.0000,0.1252,53.91
73100,26,0.0000,0.1252,50.93
73150,26,0.0000,0.1252,48.92
73200,26,0.0000,0.1252,47.55
73250,26,0.0000,0.1252,46.63
73300,26,0.0000,0.1252,46.00
73350,26,0.0000,0.1252,45.58
73400,26,0.0000,0.1252,45.29
73450,26,0.0000,0.1252,45.10
73500,26,0.0000,0.1252,44.97
73550,26,0.0000,0.1252,44.88
73600,23,0.0000,0.1252,45.72
73650,21,0.0000,0.1252,48.03
73700,20,0.0000,0.1252,50.45
73750,20,0.0000,0.1252,52.66
73800,19,0.0000,0.1252,54.70
73850,19,0.0000,0.1258,56.26
73900,21,0.0000,0.1258,56.61
73950,23,0.0000,0.1243,55.27
74000,27,0.0000,0.1295,52.14
74050,26,0.0000,0.1295,49.53
74100,26,0.0000,0.1297,48.06
74150,23,0.0000,0.1297,48.39
74200,20,0.0000,0.1178,50.21
74250,14,0.0000,0.1178,54.91
74300,13,0.0000,0.1178,60.79
74350,13,0.0000,0.1178,65.89
74400,13,0.0000,0.1178,70.08
74450,13,0.0000,0.1178,73.53
74500,13,0.0000,0.1178,76.37
74550,13,0.0000,0.1178,78.71
74600,13,0.0000,0.1178,80.63
74650,13,0.0000,0.1178,82.21
74700,13,0.0000,0.1178,83.51
74750,13,0.0000,0.1178,84.58
74800,14,0.0000,0.1178,85.26
74850,15,0.0000,0.1184,83.97
74900,16,0.0000,0.1199,81.99
74950,19,0.0000,0.1174,78.29
75000,23,0.0000,0.1172,71.05
75050,26,0.0000,0.1153,63.54
75100,26,0.0000,0.1153,57.45
75150,26,0.0000,0.1153,53.33
75200,26,0.0000,0.1153,50.54
75250,26,0.0000,0.1153,48.65
75300,26,0.0000,0.1153,47.37
75350,26,0.0000,0.1153,46.51
75400,26,0.0000,0.1153,45.92
75450,26,0.0000,0.1153,45.52
75500,26,0.0000,0.1153,45.25
75550,26,0.0000,0.1153,45.07
75600,26,0.0000,0.1153,44.95
75650,26,0.0000,0.1153,44.87
75700,23,0.0000,0.1153,45.34
75750,20,0.0000,0.1153,47.56
75800,17,0.0000,0.1153,51.30
75850,18,0.0000,0.1153,55.10
75900,17,0.0000,0.1153,58.06
75950,18,0.0000,0.1153,60.29
76000,18,0.0000,0.1153,61.32
76050,21,0.0000,0.1153,61.27
76100,22,0.0000,0.1190,58.91
76150,23,0.0000,0.1210,56.85
76200,28,0.0000,0.1276,52.33
76250,29,0.0000,0.1275,48.25
76300,31,0.0000,0.1293,44.42
76350,29,0.0000,0.1293,42.53
76400,15,0.0000,0.1293,45.60
76450,8,0.0000,0.1249,55.90
76500,8,0.0000,0.1249,66.05
76550,8,0.0000,0.1249,75.05
76600,8,0.0000,0.1249,83.03
76650,8,0.0000,0.1249,90.11
76700,8,0.0000,0.1249,96.39
76750,8,0.0000,0.1249,99.76
76800,8,0.0000,0.1249,99.76
76850,8,0.0000,0.1249,99.76
76900,9,0.0000,0.1249,99.73
76950,9,0.0000,0.1249,99.73
77000,11,0.0000,0.1309,99.67
77050,14,0.0000,0.1349,99.23
77100,15,0.0000,0.1352,95.82
77150,16,0.0000,0.1352,91.17
77200,16,0.0000,0.1352,87.23
77250,16,0.0000,0.1352,84.14
77300,16,0.0000,0.1352,81.71
77350,16,0.0000,0.1352,79.79
77400,16,0.0000,0.1352,78.28
77450,16,0.0000,0.1352,77.10
77500,16,0.0000,0.1352,76.17
77550,16,0.0000,0.1352,75.43
77600,17,0.0000,0.1352,74.57
77650,19,0.0000,0.1352,71.78
77700,20,0.0000,0.1352,69.04
77750,20,0.0000,0.1352,66.22
77800,22,0.0000,0.1425,63.40
77850,24,0.0000,0.1425,59.50
77900,29,0.0000,0.1467,54.55
77950,30,0.0000,0.1467,48.95
78000,31,0.0000,0.1467,44.75
78050,32,0.0000,0.1633,41.87
78100,32,0.0000,0.1633,39.74
78150,32,0.0000,0.1633,38.42
78200,32,0.0000,0.1633,37.60
78250,32,0.0000,0.1633,37.10
78300,21,0.0000,0.1633,39.57
78350,19,0.0000,0.1633,44.48
78400,18,0.0000,0.1633,48.74
78450,17,0.0000,0.1633,52.66
78500,17,0.0000,0.1633,56.21
78550,16,0.0000,0.1633,59.65
78600,16,0.0000,0.1633,62.44
78650,16,0.0000,0.1633,64.64
78700,16,0.0000,0.1633,66.37
78750,16,0.0000,0.1633,67.72
78800,17,0.0000,0.1633,68.05
78850,19,0.0000,0.1633,67.05
78900,20,0.0000,0.1684,65.30
78950,20,0.0000,0.1684,63.45
79000,22,0.0000,0.1690,61.84
79050,24,0.0000,0.1690,58.96
79100,27,0.0000,0.1707,55.36
79150,28,0.0000,0.1713,50.78
79200,28,0.0000,0.1713,47.59
79250,31,0.0000,0.1720,44.29
79300,32,0.0000,0.1686,41.68
79350,24,0.0000,0.1686,40.98
79400,14,0.0000,0.1789,45.27
79450,8,0.0000,0.2046,55.57
79500,8,0.0000,0.2046,65.76
79550,8,0.0000,0.2046,74.79
79600,8,0.0000,0.2046,82.81
79650,8,0.0000,0.2046,89.91
79700,8,0.0000,0.2046,96.21
79750,9,0.0000,0.2046,99.73
79800,10,0.0000,0.2046,99.70
79850,12,0.0000,0.2046,99.43
79900,14,0.0000,0.1957,97.69
79950,14,0.0000,0.1957,94.94
80000,14,0.0000,0.1957,92.70
